1, 19762, 33232
6, 19783, 33222
16, 19760, 33224
26, 19753, 33230
36, 19752, 33243
46, 19750, 33218
56, 19759, 33232
66, 19758, 33235
76, 19749, 33220
86, 19743, 33239
96, 19753, 33239
106, 19751, 33231
116, 19759, 33231
126, 19757, 33241
136, 19750, 33229
146, 19762, 33224
156, 19745, 33223
166, 19754, 33233
176, 19759, 33255
186, 19748, 33225
196, 19755, 33233
206, 19757, 33229
216, 19757, 33245
226, 19753, 33227
236, 19766, 33250
246, 19757, 33222
256, 19755, 33222
267, 19760, 33235
277, 19754, 33230
287, 19764, 33243
297, 19752, 33237
307, 19743, 33231
317, 96682, 98900
327, 96728, 98993
337, 96773, 99071
347, 96797, 99154
357, 96870, 99233
367, 96894, 99337
377, 96940, 99429
387, 96995, 99533
397, 97052, 99632
407, 97093, 99732
417, 97125, 99834
427, 97165, 99896
437, 97216, 100006
447, 97264, 100111
457, 97315, 100214
467, 97363, 100334
477, 97411, 100434
487, 97479, 100539
497, 97508, 100635
507, 97544, 100736
517, 97587, 100838
527, 97655, 100963
537, 97732, 101104
547, 97850, 101248
557, 98009, 101404
567, 98116, 101569
577, 98216, 101722
587, 98302, 101859
597, 98369, 101997
607, 98407, 102123
617, 98445, 102239
627, 98462, 102329
637, 98500, 102385
647, 98518, 102451
657, 98523, 102512
667, 98567, 102575
677, 98598, 102630
687, 98628, 102704
697, 98648, 102752
707, 98671, 102798
717, 98686, 102860
727, 98725, 102915
737, 98742, 102977
747, 98773, 103038
757, 98817, 103082
767, 98833, 103140
777, 98887, 103192
787, 98924, 103251
797, 98955, 103319
807, 98989, 103378
817, 98996, 103423
827, 99012, 103503
837, 99059, 103563
847, 99081, 103606
857, 99118, 103668
867, 99154, 103735
877, 99195, 103786
887, 99230, 103855
897, 99254, 103908
907, 99304, 103981
917, 99310, 104019
927, 99341, 104070
937, 99369, 104113
947, 99386, 104147
957, 99376, 104123
967, 99376, 104113
977, 99332, 104043
987, 99322, 103978
997, 99271, 103892
1007, 99226, 103811
1017, 99141, 103783
1027, 99094, 103787
1037, 99069, 103785
1047, 99081, 103765
1057, 99076, 103720
1067, 99070, 103685
1077, 99053, 103645
1087, 99032, 103628
1097, 99044, 103588
1107, 99036, 103517
1117, 99028, 103479
1127, 98994, 103458
1137, 99000, 103434
1148, 99011, 103439
1158, 99069, 103425
1168, 99087, 103420
1178, 99117, 103391
1188, 99097, 103354
1198, 99078, 103323
1208, 99086, 103306
1218, 99083, 103298
1228, 99096, 103314
1238, 99079, 103293
1248, 99103, 103295
1258, 99094, 103290
1268, 99136, 103294
1278, 99146, 103309
1288, 99140, 103306
1298, 99150, 103289
1308, 99173, 103294
1318, 99194, 103286
1328, 99197, 103263
1338, 99205, 103259
1348, 99196, 103248
1358, 99197, 103241
1368, 99190, 103265
1378, 99188, 103276
1388, 99176, 103305
1398, 99171, 103329
1408, 99184, 103362
1418, 99171, 103402
1428, 99190, 103438
1438, 99187, 103490
1448, 99214, 103544
1458, 99211, 103600
1468, 99237, 103649
1478, 99280, 103738
1488, 99319, 103789
1498, 99359, 103872
1508, 99383, 103941
1518, 99404, 103996
1528, 99451, 104089
1538, 99534, 104183
1548, 99595, 104278
1558, 99644, 104400
1568, 99723, 104490
1578, 99764, 104604
1588, 99836, 104671
1598, 99882, 104749
1608, 99907, 104836
1618, 99960, 104916
1628, 100018, 104978
1638, 100047, 105069
1648, 100082, 105105
1658, 100123, 105179
1668, 100147, 105245
1678, 100176, 105296
1688, 100224, 105369
1698, 100263, 105458
1708, 100304, 105515
1718, 100370, 105590
1728, 100420, 105640
1738, 100475, 105684
1748, 100501, 105756
1758, 100572, 105820
1768, 100622, 105908
1778, 100667, 105950
1788, 100715, 106024
1798, 100745, 106039
1808, 100784, 106104
1818, 100810, 106138
1828, 100846, 106179
1838, 100877, 106226
1848, 100882, 106251
1858, 100906, 106284
1868, 100935, 106310
1878, 100947, 106332
1888, 100961, 106329
1898, 100960, 106367
1908, 100962, 106360
1918, 100969, 106372
1928, 100976, 106367
1938, 100972, 106398
1948, 100995, 106405
1958, 100992, 106423
1968, 101003, 106410
1978, 100982, 106397
1988, 100965, 106364
1998, 100914, 106296
2008, 100850, 106198
2018, 100790, 106099
2029, 100704, 105960
2039, 100632, 105818
2049, 100482, 105625
2059, 100295, 105334
2069, 100078, 105043
2079, 99947, 104794
2089, 99861, 104584
2099, 99797, 104441
2109, 99770, 104368
2119, 99737, 104272
2129, 99719, 104215
2139, 99704, 104137
2149, 99658, 104052
2159, 99626, 103967
2169, 99608, 103896
2179, 99553, 103784
2189, 99523, 103706
2199, 99496, 103620
2209, 99465, 103549
2219, 99427, 103491
2229, 99398, 103425
2239, 99389, 103359
2249, 99358, 103325
2259, 99356, 103298
2269, 99338, 103263
2279, 99337, 103239
2289, 99307, 103228
2299, 99298, 103209
2309, 99296, 103188
2319, 99285, 103153
2329, 99280, 103142
2339, 99255, 103128
2349, 99257, 103097
2359, 99250, 103093
2369, 99228, 103092
2379, 99237, 103074
2389, 99215, 103067
2399, 99218, 103071
2409, 99228, 103077
2419, 99217, 103051
2429, 99209, 103060
2439, 99226, 103057
2449, 99201, 103041
2459, 99211, 103066
2469, 99207, 103073
2479, 99213, 103101
2489, 99206, 103133
2499, 99212, 103150
2509, 99228, 103184
2519, 99237, 103213
2529, 99236, 103243
2539, 99257, 103268
2549, 99269, 103284
2559, 99282, 103313
2569, 99295, 103347
2579, 99313, 103374
2589, 99325, 103416
2599, 99344, 103432
2609, 99356, 103448
2619, 99353, 103470
2629, 99355, 103481
2639, 99374, 103494
2649, 99377, 103511
2659, 99365, 103526
2669, 99364, 103532
2679, 99386, 103580
2689, 99365, 103559
2699, 99354, 103560
2709, 99340, 103591
2719, 99342, 103605
2729, 99329, 103606
2739, 99331, 103602
2749, 99322, 103627
2759, 99350, 103641
2769, 99370, 103693
2779, 99360, 103709
2789, 99375, 103736
2799, 99374, 103745
2809, 99385, 103774
2819, 99391, 103798
2829, 99388, 103826
2839, 99408, 103860
2849, 99406, 103874
2859, 99407, 103907
2869, 99424, 103925
2879, 99412, 103956
2889, 99436, 103975
2899, 99434, 104003
2909, 99441, 104020
2919, 99449, 104036
2929, 99455, 104057
2939, 99457, 104069
2949, 99446, 104066
2960, 99430, 104044
2970, 99407, 104002
2980, 99363, 103908
2990, 99338, 103809
3000, 99297, 103718
3010, 99244, 103627
3020, 99212, 103504
3030, 99147, 103410
3040, 99119, 103290
3050, 99065, 103209
3060, 99006, 103075
3070, 98954, 102958
3080, 98915, 102842
3090, 98852, 102710
3100, 98797, 102579
3110, 98728, 102435
3120, 98657, 102283
3130, 98572, 102127
3140, 98521, 101940
3150, 98445, 101760
3160, 98361, 101595
3170, 98282, 101415
3180, 98204, 101246
3190, 98152, 101104
3200, 98092, 100956
3210, 98030, 100840
3220, 97981, 100746
3230, 97936, 100679
3240, 97920, 100625
3250, 97901, 100587
3260, 97881, 100554
3270, 97876, 100536
3280, 97866, 100521
3290, 97855, 100514
3300, 97865, 100495
3310, 97870, 100516
3320, 97876, 100521
3330, 97883, 100533
3340, 97889, 100562
3350, 97895, 100561
3360, 97901, 100579
3370, 97910, 100584
3380, 97905, 100596
3390, 97895, 100611
3400, 97893, 100616
3410, 97895, 100613
3420, 97875, 100623
3430, 97819, 100615
3440, 97756, 100593
3450, 97692, 100555
3460, 97612, 100415
3470, 97547, 100359
3480, 97513, 100311
3490, 97487, 100268
3500, 97466, 100263
3510, 97476, 100292
3520, 97476, 100350
3530, 97480, 100353
3540, 97507, 100403
3550, 97516, 100437
3560, 97528, 100482
3570, 97551, 100538
3580, 97561, 100584
3590, 97577, 100623
3600, 97597, 100655
3610, 97619, 100733
3620, 97633, 100770
3630, 97658, 100843
3640, 97671, 100898
3650, 97713, 100956
3660, 97742, 101015
3670, 97758, 101078
3680, 97779, 101130
3690, 97818, 101205
3700, 97825, 101259
3710, 97837, 101292
3720, 97862, 101333
3730, 97860, 101373
3740, 97886, 101426
3750, 97877, 101459
3760, 97882, 101470
3770, 97884, 101514
3780, 97913, 101561
3790, 97921, 101589
3800, 97930, 101641
3810, 97944, 101692
3820, 97961, 101737
3830, 97996, 101805
3840, 98015, 101877
3850, 98035, 101934
3860, 98046, 102004
3870, 98086, 102078
3880, 98116, 102162
3891, 98137, 102216
3901, 98157, 102280
3911, 98189, 102330
3921, 98208, 102376
3931, 98202, 102422
3941, 98208, 102420
3951, 98205, 102399
3961, 98183, 102347
3971, 98150, 102265
3981, 98114, 102186
3991, 98073, 102069
4001, 98003, 101934
4011, 97943, 101764
4021, 97870, 101575
4031, 97778, 101369
4041, 97693, 101164
4051, 97606, 100923
4061, 97529, 100739
4071, 97454, 100532
4081, 97377, 100323
4091, 97285, 100144
4101, 97206, 99960
4111, 97130, 99765
4121, 97095, 99629
4131, 97036, 99479
4141, 96999, 99383
4151, 96975, 99273
4161, 96957, 99189
4171, 96938, 99130
4181, 96928, 99070
4191, 96913, 99040
4201, 96930, 99023
4211, 96940, 99050
4221, 96971, 99077
4231, 96996, 99099
4241, 97028, 99169
4251, 97065, 99222
4261, 97093, 99293
4271, 97148, 99374
4281, 97177, 99437
4291, 97239, 99491
4301, 97242, 99564
4311, 97295, 99619
4321, 97305, 99691
4331, 97341, 99724
4341, 97362, 99793
4351, 97406, 99858
4361, 97435, 99923
4371, 97471, 100013
4381, 97502, 100078
4391, 97546, 100158
4401, 97576, 100233
4411, 97635, 100324
4421, 97697, 100432
4431, 97775, 100524
4441, 97828, 100642
4451, 97879, 100760
4461, 97914, 100864
4471, 97976, 100959
4481, 98010, 101059
4491, 98051, 101156
4501, 98087, 101258
4511, 98140, 101340
4521, 98179, 101440
4531, 98219, 101512
4541, 98267, 101610
4551, 98282, 101694
4561, 98310, 101765
4571, 98339, 101849
4581, 98376, 101915
4591, 98409, 102016
4601, 98438, 102100
4611, 98438, 102167
4621, 98468, 102245
4631, 98508, 102307
4641, 98521, 102397
4651, 98543, 102457
4661, 98555, 102521
4671, 98564, 102575
4681, 98586, 102613
4691, 98599, 102656
4701, 98629, 102704
4711, 98635, 102744
4722, 98644, 102788
4732, 98663, 102814
4742, 98659, 102863
4752, 98677, 102881
4762, 98688, 102907
4772, 98683, 102942
4782, 98685, 102962
4792, 98686, 102977
4802, 98674, 102986
4812, 98670, 103009
4822, 98667, 103018
4832, 98681, 103053
4842, 98680, 103067
4852, 98693, 103111
4862, 98704, 103133
4872, 98743, 103164
4882, 98760, 103231
4892, 98780, 103258
4902, 98791, 103287
4912, 98799, 103306
4922, 98814, 103307
4932, 98806, 103299
4942, 98793, 103255
4952, 98758, 103190
4962, 98735, 103097
4972, 98680, 103007
4982, 98648, 102899
4992, 98614, 102762
5002, 98561, 102638
5012, 98496, 102519
5022, 98454, 102359
5032, 98374, 102182
5042, 98315, 101954
5052, 98231, 101758
5062, 98162, 101549
5072, 98083, 101346
5082, 97998, 101134
5092, 97920, 100944
5102, 97827, 100740
5112, 97741, 100521
5122, 97650, 100328
5132, 97571, 100163
5142, 97505, 99975
5152, 97457, 99831
5162, 97406, 99715
5172, 97361, 99624
5182, 97362, 99551
5192, 97340, 99519
5202, 97346, 99521
5212, 97348, 99552
5222, 97393, 99591
5232, 97389, 99615
5242, 97418, 99659
5252, 97445, 99718
5262, 97418, 99756
5272, 97465, 99793
5282, 97461, 99811
5292, 97478, 99850
5302, 97489, 99866
5312, 97506, 99878
5322, 97505, 99923
5332, 97522, 99962
5342, 97548, 99988
5352, 97559, 100023
5362, 97594, 100080
5372, 97643, 100128
5382, 97673, 100220
5392, 97701, 100317
5402, 97744, 100395
5412, 97796, 100460
5422, 97805, 100547
5432, 97842, 100627
5442, 97869, 100699
5452, 97892, 100781
5462, 97933, 100855
5472, 97958, 100935
5482, 97996, 100997
5492, 98030, 101076
5502, 98063, 101164
5512, 98077, 101247
5522, 98114, 101343
5532, 98148, 101403
5543, 98176, 101461
5553, 98195, 101537
5563, 98229, 101608
5573, 98258, 101683
5583, 98282, 101746
5593, 98316, 101812
5603, 98343, 101886
5613, 98377, 101974
5623, 98404, 102065
5633, 98470, 102137
5643, 98484, 102223
5653, 98534, 102328
5663, 98565, 102403
5673, 98573, 102486
5683, 98605, 102549
5693, 98633, 102630
5703, 98659, 102705
5713, 98671, 102775
5723, 98704, 102797
5733, 98723, 102866
5743, 98746, 102907
5753, 98769, 102984
5763, 98809, 103048
5773, 98824, 103109
5783, 98840, 103166
5793, 98865, 103219
5803, 98894, 103268
5813, 98911, 103301
5823, 98919, 103379
5833, 98937, 103413
5843, 98958, 103463
5853, 98978, 103512
5863, 98985, 103535
5873, 99004, 103560
5883, 99001, 103553
5893, 98984, 103498
5903, 98942, 103422
5913, 98911, 103344
5923, 98907, 103266
5933, 98851, 103167
5943, 98822, 103059
5953, 98783, 102953
5963, 98759, 102844
5973, 98718, 102742
5983, 98666, 102607
5993, 98607, 102479
6020, 98540, 102311
6024, 98463, 102133
6033, 98388, 101944
6043, 98323, 101761
6053, 98236, 101565
6063, 98161, 101409
6073, 98113, 101237
6083, 98042, 101085
6093, 97971, 100958
6103, 97928, 100814
6113, 97881, 100715
6123, 97859, 100604
6133, 97815, 100517
6143, 97816, 100476
6153, 97796, 100435
6163, 97780, 100424
6173, 97779, 100427
6183, 97792, 100429
6193, 97787, 100454
6203, 97808, 100466
6213, 97827, 100513
6223, 97836, 100546
6233, 97845, 100558
6243, 97858, 100590
6253, 97870, 100619
6263, 97885, 100657
6273, 97884, 100686
6283, 97903, 100725
6293, 97919, 100725
6303, 97929, 100738
6313, 97932, 100762
6323, 97932, 100794
6333, 98006, 100873
6343, 97975, 100905
6353, 97982, 100933
6363, 97992, 100968
6373, 98005, 100973
6383, 97977, 101015
6394, 98004, 101013
6404, 98009, 101039
6414, 98011, 101064
6424, 98064, 101120
6434, 98072, 101176
6444, 98097, 101243
6454, 98144, 101310
6464, 98158, 101372
6474, 98203, 101426
6484, 98230, 101505
6494, 98279, 101585
6504, 98299, 101674
6514, 98352, 101745
6524, 98378, 101821
6534, 98394, 101928
6544, 98460, 102027
6554, 98504, 102117
6564, 98534, 102217
6574, 98591, 102306
6584, 98631, 102405
6594, 98683, 102490
6604, 98733, 102565
6614, 98742, 102631
6624, 98769, 102676
6634, 98700, 102547
6644, 98613, 102493
6654, 98527, 102509
6664, 98552, 102665
6674, 98654, 102831
6684, 98751, 103023
6694, 98863, 103232
6704, 98991, 103446
6714, 99094, 103593
6724, 99201, 103749
6734, 99336, 103912
6744, 99415, 104040
6754, 99486, 104176
6764, 99517, 104299
6774, 99525, 104434
6784, 99539, 104536
6794, 99519, 104601
6804, 99503, 104644
6814, 99481, 104633
6824, 99473, 104632
6834, 99471, 104605
6844, 99499, 104565
6854, 99553, 104552
6864, 99641, 104519
6874, 99687, 104380
6884, 99724, 104277
6894, 99758, 104096
6904, 99780, 103970
6914, 99803, 103871
6924, 99868, 103790
6934, 99877, 103711
6944, 99815, 103539
6954, 99762, 103423
6964, 99721, 103405
6974, 99768, 103461
6984, 99793, 103595
6994, 99841, 103772
7004, 99902, 103968
7014, 99978, 104200
7024, 100037, 104386
7034, 100134, 104570
7044, 100218, 104724
7054, 100287, 104873
7064, 100352, 104992
7074, 100424, 105093
7084, 100464, 105222
7094, 100509, 105314
7104, 100558, 105468
7114, 100607, 105576
7124, 100679, 105707
7134, 100723, 105818
7144, 100738, 105919
7154, 100786, 105992
7164, 100820, 106057
7174, 100847, 106133
7184, 100871, 106194
7194, 100910, 106241
7204, 100932, 106298
7215, 100978, 106361
7225, 100988, 106410
7235, 101013, 106479
7245, 101056, 106552
7255, 101082, 106615
7265, 101115, 106667
7275, 101132, 106726
7285, 101159, 106775
7295, 101182, 106840
7305, 101203, 106856
7315, 101232, 106920
7325, 101253, 106948
7335, 101248, 107006
7345, 101288, 107040
7355, 101302, 107108
7365, 101325, 107160
7375, 101352, 107218
7385, 101368, 107278
7395, 101385, 107335
7405, 101403, 107399
7415, 101443, 107457
7425, 101448, 107491
7435, 101481, 107525
7445, 101494, 107569
7455, 101509, 107605
7465, 101520, 107655
7475, 101550, 107696
7485, 101551, 107702
7495, 101573, 107728
7505, 101578, 107765
7515, 101588, 107788
7525, 101604, 107830
7535, 101606, 107864
7545, 101623, 107892
7555, 101631, 107929
7565, 101648, 107946
7575, 101658, 107979
7585, 101679, 108027
7595, 101693, 108054
7605, 101704, 108100
7615, 101720, 108129
7625, 101746, 108178
7635, 101770, 108228
7645, 101786, 108284
7655, 101798, 108319
7665, 101818, 108365
7675, 101838, 108403
7685, 101858, 108455
7695, 101865, 108485
7705, 101869, 108495
7715, 101850, 108469
7725, 101832, 108418
7735, 101810, 108369
7745, 101766, 108245
7755, 101729, 108111
7765, 101691, 107986
7775, 101614, 107886
7785, 101603, 107794
7795, 101577, 107691
7805, 101541, 107587
7815, 101502, 107546
7825, 101464, 107444
7835, 101444, 107372
7845, 101407, 107291
7855, 101391, 107226
7865, 101366, 107154
7875, 101328, 107083
7885, 101297, 107011
7895, 101262, 106923
7905, 101240, 106869
7915, 101200, 106777
7925, 101188, 106721
7935, 101162, 106661
7945, 101120, 106587
7955, 101107, 106531
7965, 101081, 106477
7975, 101058, 106408
7985, 101054, 106376
7995, 101017, 106336
8005, 101012, 106332
8032, 101013, 106294
8036, 101016, 106272
8045, 101000, 106291
8055, 101007, 106269
8065, 100999, 106266
8075, 101002, 106263
8086, 100992, 106267
8096, 100974, 106235
8106, 100969, 106222
8116, 100951, 106195
8126, 100946, 106183
8136, 100964, 106169
8146, 100928, 106130
8156, 100936, 106106
8166, 100913, 106105
8176, 100912, 106056
8186, 100920, 106038
8196, 100890, 106036
8206, 100915, 106008
8216, 100913, 106020
8226, 100926, 106024
8236, 100916, 106006
8246, 100936, 106032
8256, 100925, 106054
8266, 100931, 106057
8276, 100949, 106079
8286, 100937, 106090
8296, 100972, 106111
8306, 100978, 106148
8316, 100981, 106171
8326, 101015, 106196
8336, 101023, 106236
8346, 101069, 106315
8356, 101067, 106347
8366, 101085, 106405
8376, 101096, 106431
8386, 101115, 106481
8396, 101130, 106531
8406, 101159, 106587
8416, 101184, 106642
8426, 101199, 106681
8436, 101242, 106739
8446, 101240, 106773
8456, 101263, 106845
8466, 101282, 106891
8476, 101295, 106930
8486, 101317, 106997
8496, 101325, 107032
8506, 101352, 107058
8516, 101356, 107097
8526, 101367, 107124
8536, 101397, 107195
8546, 101407, 107229
8556, 101412, 107262
8566, 101436, 107294
8576, 101454, 107362
8586, 101481, 107419
8596, 101512, 107487
8606, 101524, 107533
8616, 101553, 107601
8626, 101554, 107648
8636, 101586, 107686
8646, 101593, 107705
8656, 101608, 107724
8666, 101602, 107760
8676, 101601, 107746
8686, 101582, 107696
8696, 101561, 107645
8706, 101518, 107559
8716, 101485, 107451
8726, 101434, 107341
8736, 101394, 107235
8746, 101386, 107141
8756, 101344, 107052
8766, 101305, 106948
8776, 101276, 106847
8786, 101245, 106770
8796, 101184, 106668
8806, 101163, 106577
8816, 101114, 106480
8826, 101063, 106363
8836, 101014, 106250
8846, 100980, 106152
8856, 100937, 106031
8866, 100894, 105929
8876, 100838, 105772
8886, 100790, 105643
8896, 100723, 105524
8906, 100659, 105375
8916, 100616, 105223
8926, 100542, 105075
8936, 100500, 104929
8946, 100443, 104776
8957, 100387, 104690
8967, 100346, 104575
8977, 100313, 104496
8987, 100304, 104438
8997, 100289, 104374
9007, 100269, 104355
9017, 100259, 104325
9027, 100264, 104317
9037, 100256, 104301
9047, 100264, 104279
9057, 100255, 104306
9067, 100263, 104293
9077, 100276, 104302
9087, 100275, 104315
9097, 100292, 104351
9107, 100285, 104370
9117, 100290, 104402
9127, 100307, 104390
9137, 100325, 104415
9147, 100327, 104449
9157, 100349, 104482
9167, 100386, 104521
9177, 100387, 104554
9187, 100404, 104627
9197, 100438, 104649
9207, 100446, 104710
9217, 100474, 104764
9227, 100492, 104794
9237, 100510, 104837
9247, 100528, 104896
9257, 100543, 104942
9267, 100585, 105018
9277, 100596, 105080
9287, 100627, 105111
9297, 100643, 105162
9307, 100653, 105200
9317, 100675, 105276
9327, 100701, 105290
9337, 100712, 105363
9347, 100737, 105400
9357, 100730, 105439
9367, 100756, 105481
9377, 100769, 105550
9387, 100802, 105586
9397, 100819, 105647
9407, 100836, 105705
9417, 100855, 105770
9427, 100902, 105837
9437, 100927, 105884
9447, 100947, 105952
9457, 100956, 105996
9467, 100977, 106071
9477, 101007, 106134
9487, 101026, 106179
9497, 101053, 106228
9507, 101072, 106294
9517, 101091, 106345
9527, 101114, 106402
9537, 101138, 106443
9547, 101158, 106503
9557, 101197, 106545
9567, 101202, 106610
9577, 101228, 106666
9587, 101248, 106724
9597, 101257, 106792
9607, 101277, 106832
9617, 101290, 106866
9627, 101312, 106927
9637, 101334, 106954
9647, 101333, 106974
9657, 101338, 106979
9667, 101335, 106983
9677, 101325, 106929
9687, 101290, 106850
9697, 101259, 106766
9707, 101214, 106667
9717, 101162, 106575
9727, 101141, 106460
9737, 101104, 106363
9747, 101044, 106251
9757, 101008, 106113
9767, 100966, 105983
9777, 100899, 105840
9787, 100841, 105704
9798, 100785, 105543
9808, 100691, 105358
9818, 100630, 105148
9828, 100534, 104959
9838, 100460, 104738
9848, 100341, 104498
9858, 100259, 104280
9868, 100159, 104029
9878, 100090, 103811
9888, 100017, 103598
9898, 99937, 103406
9908, 99887, 103254
9918, 99827, 103126
9928, 99802, 103013
9938, 99750, 102920
9948, 99750, 102888
9958, 99751, 102862
9968, 99754, 102871
9978, 99767, 102893
9988, 99787, 102922
9998, 99803, 102939
10008, 99802, 102969
10018, 99827, 103025
10042, 99850, 103044
10048, 99852, 103052
10058, 99856, 103067
10068, 99877, 103124
10078, 99905, 103155
10088, 99932, 103166
10098, 99975, 103233
10108, 99971, 103279
10118, 100011, 103354
10128, 100061, 103407
10138, 100097, 103483
10148, 100099, 103553
10158, 100139, 103646
10168, 100159, 103697
10178, 100190, 103773
10188, 100230, 103846
10198, 100250, 103910
10208, 100284, 103981
10218, 100304, 104047
10228, 100330, 104130
10238, 100374, 104225
10248, 100413, 104281
10258, 100442, 104343
10268, 100471, 104429
10278, 100508, 104504
10288, 100521, 104590
10298, 100572, 104649
10308, 100594, 104750
10318, 100605, 104817
10328, 100644, 104908
10338, 100659, 104955
10348, 100692, 105031
10358, 100749, 105151
10368, 100779, 105212
10378, 100811, 105286
10388, 100831, 105337
10398, 100853, 105408
10408, 100877, 105489
10418, 100914, 105536
10428, 100919, 105597
10438, 100937, 105661
10448, 100963, 105713
10458, 100988, 105761
10468, 101008, 105826
10478, 101030, 105856
10488, 101040, 105927
10498, 101045, 105968
10508, 101088, 106018
10518, 101095, 106074
10528, 101118, 106124
10538, 101133, 106175
10548, 101156, 106232
10558, 101172, 106277
10568, 101193, 106343
10578, 101201, 106389
10588, 101237, 106445
10598, 101250, 106505
10608, 101257, 106547
10618, 101290, 106602
10628, 101291, 106635
10638, 101294, 106656
10648, 101291, 106656
10659, 101285, 106638
10669, 101256, 106607
10679, 101225, 106523
10689, 101210, 106435
10699, 101161, 106355
10709, 101138, 106258
10719, 101088, 106164
10729, 101043, 106029
10739, 100997, 105927
10749, 100941, 105794
10759, 100881, 105664
10769, 100823, 105530
10779, 100774, 105366
10789, 100684, 105185
10799, 100624, 105004
10809, 100540, 104796
10819, 100444, 104570
10829, 100342, 104324
10839, 100243, 104101
10849, 100172, 103827
10859, 100058, 103607
10869, 99981, 103417
10879, 99903, 103221
10889, 99836, 103045
10899, 99796, 102895
10909, 99740, 102771
10919, 99707, 102661
10929, 99691, 102620
10939, 99677, 102608
10949, 99688, 102614
10959, 99709, 102618
10969, 99710, 102667
10979, 99741, 102705
10989, 99754, 102749
10999, 99777, 102777
11009, 99789, 102821
11019, 99797, 102857
11029, 99812, 102895
11039, 99834, 102900
11049, 99839, 102934
11059, 99842, 102933
11069, 99861, 102974
11079, 99863, 102989
11089, 99898, 103009
11099, 99888, 103051
11109, 99897, 103068
11119, 99917, 103124
11129, 99938, 103165
11139, 99970, 103199
11149, 100009, 103271
11159, 100017, 103299
11169, 100032, 103376
11179, 100070, 103443
11189, 100089, 103532
11199, 100132, 103587
11209, 100155, 103653
11219, 100195, 103738
11229, 100219, 103807
11239, 100264, 103886
11249, 100291, 103994
11259, 100321, 104053
11269, 100365, 104150
11279, 100413, 104252
11289, 100449, 104339
11299, 100482, 104425
11309, 100520, 104528
11319, 100536, 104603
11329, 100574, 104702
11339, 100604, 104759
11349, 100627, 104850
11359, 100652, 104925
11369, 100682, 105003
11379, 100716, 105063
11389, 100739, 105133
11399, 100772, 105190
11409, 100800, 105275
11419, 100819, 105338
11429, 100857, 105411
11439, 100879, 105469
11449, 100892, 105536
11459, 100927, 105604
11469, 100938, 105657
11479, 100986, 105722
11489, 101021, 105791
11499, 101016, 105842
11509, 101042, 105909
11520, 101064, 105969
11530, 101090, 106011
11540, 101107, 106077
11550, 101135, 106140
11560, 101164, 106211
11570, 101184, 106295
11580, 101199, 106355
11590, 101236, 106417
11600, 101261, 106485
11610, 101276, 106539
11620, 101297, 106605
11630, 101312, 106639
11640, 101334, 106673
11650, 101338, 106680
11660, 101306, 106656
11670, 101309, 106631
11680, 101270, 106547
11690, 101235, 106470
11700, 101197, 106348
11710, 101152, 106259
11720, 101122, 106162
11730, 101082, 106067
11740, 101057, 105975
11750, 101002, 105873
11760, 100973, 105742
11770, 100922, 105620
11780, 100864, 105500
11790, 100812, 105366
11800, 100720, 105194
11810, 100676, 105032
11820, 100577, 104852
11830, 100503, 104651
11840, 100402, 104444
11850, 100328, 104235
11860, 100232, 104020
11870, 100163, 103819
11880, 100095, 103627
11890, 100030, 103449
11900, 99969, 103321
11910, 99935, 103192
11920, 99882, 103091
11930, 99851, 103007
11940, 99834, 102957
11950, 99851, 102959
11960, 99862, 102987
11970, 99885, 103017
11980, 99886, 103067
11990, 99909, 103099
12000, 99928, 103144
12010, 99945, 103178
12020, 99966, 103214
12030, 99977, 103244
12057, 99978, 103312
12061, 100010, 103332
12070, 100024, 103384
12080, 100054, 103423
12090, 100069, 103474
12100, 100097, 103508
12110, 100101, 103549
12120, 100128, 103599
12130, 100155, 103650
12140, 100170, 103709
12150, 100211, 103790
12160, 100220, 103846
12170, 100261, 103912
12180, 100293, 103991
12190, 100329, 104066
12200, 100356, 104146
12210, 100395, 104253
12220, 100424, 104331
12230, 100458, 104408
12240, 100492, 104496
12250, 100521, 104602
12260, 100566, 104657
12270, 100588, 104749
12280, 100634, 104843
12290, 100664, 104915
12300, 100699, 104998
12310, 100735, 105089
12320, 100771, 105167
12330, 100794, 105255
12340, 100811, 105317
12350, 100834, 105386
12360, 100857, 105478
12370, 100940, 105601
12380, 100934, 105647
12390, 100941, 105723
12401, 100962, 105781
12411, 100997, 105837
12421, 101030, 105874
12431, 101038, 105931
12441, 101055, 105994
12451, 101076, 106051
12461, 101101, 106088
12471, 101115, 106160
12481, 101146, 106210
12491, 101164, 106275
12501, 101184, 106336
12511, 101212, 106392
12521, 101219, 106447
12531, 101245, 106484
12541, 101248, 106526
12551, 101253, 106585
12561, 101290, 106633
12571, 101294, 106666
12581, 101321, 106718
12591, 101335, 106780
12601, 101364, 106824
12611, 101373, 106877
12621, 101388, 106934
12631, 101411, 106964
12641, 101424, 106997
12651, 101420, 107038
12661, 101432, 107044
12671, 101415, 107013
12681, 101377, 106948
12691, 101342, 106872
12701, 101312, 106771
12711, 101259, 106656
12721, 101212, 106549
12731, 101191, 106468
12741, 101154, 106364
12751, 101127, 106235
12761, 101069, 106162
12771, 101024, 106055
12781, 100975, 105922
12791, 100945, 105819
12801, 100890, 105703
12811, 100844, 105569
12821, 100788, 105422
12831, 100722, 105275
12841, 100651, 105114
12851, 100588, 104959
12861, 100532, 104782
12871, 100440, 104612
12881, 100370, 104404
12891, 100296, 104229
12901, 100230, 104064
12911, 100149, 103899
12921, 100110, 103756
12931, 100060, 103639
12941, 100017, 103547
12951, 99991, 103487
12961, 99985, 103462
12971, 99997, 103448
12981, 99982, 103443
12991, 99985, 103437
13001, 100000, 103463
13011, 99985, 103456
13021, 99966, 103451
13031, 99988, 103464
13041, 99996, 103468
13051, 99988, 103469
13061, 100013, 103484
13071, 100005, 103488
13081, 100014, 103532
13091, 100044, 103564
13101, 100051, 103595
13111, 100070, 103629
13121, 100092, 103664
13131, 100117, 103726
13141, 100126, 103763
13151, 100163, 103836
13161, 100191, 103889
13171, 100198, 103969
13181, 100245, 104013
13191, 100269, 104096
13201, 100297, 104152
13211, 100318, 104230
13222, 100360, 104309
13232, 100391, 104407
13242, 100428, 104467
13252, 100460, 104561
13262, 100495, 104628
13272, 100536, 104716
13282, 100539, 104793
13292, 100575, 104843
13302, 100602, 104941
13312, 100621, 104996
13322, 100647, 105054
13332, 100670, 105123
13342, 100685, 105169
13352, 100729, 105245
13362, 100735, 105298
13372, 100752, 105381
13382, 100795, 105423
13392, 100810, 105489
13402, 100827, 105540
13412, 100834, 105576
13422, 100858, 105641
13432, 100880, 105699
13442, 100884, 105746
13452, 100921, 105798
13462, 100930, 105847
13472, 100960, 105888
13482, 100963, 105933
13492, 100958, 105961
13502, 100974, 105996
13512, 100914, 106018
13522, 100869, 106035
13532, 100845, 106047
13542, 100392, 105841
13552, 100361, 105841
13562, 100365, 105862
13572, 100364, 105911
13582, 100383, 105962
13592, 100411, 106008
13602, 100429, 106055
13612, 100421, 106097
13622, 100460, 106141
13632, 100460, 106184
13642, 100477, 106221
13652, 100487, 106235
13662, 100474, 106208
13672, 100446, 106174
13682, 100417, 106093
13692, 100363, 106003
13702, 100347, 105892
13712, 100303, 105774
13722, 100273, 105667
13732, 100220, 105529
13742, 100148, 105418
13752, 100080, 105282
13762, 100024, 105137
13772, 99949, 104971
13782, 99870, 104795
13792, 99781, 104600
13802, 99700, 104422
13812, 99615, 104188
13822, 99535, 103954
13832, 99436, 103736
13842, 99336, 103512
13852, 99250, 103297
13862, 99169, 103097
13872, 99097, 102894
13882, 99023, 102723
13892, 98975, 102575
13902, 98924, 102425
13912, 98870, 102336
13922, 98840, 102291
13932, 98825, 102259
13942, 98836, 102243
13952, 98846, 102289
13962, 98874, 102318
13972, 98893, 102377
13982, 98901, 102426
13992, 98920, 102477
14002, 98942, 102549
14012, 98973, 102613
14022, 98996, 102663
14032, 99042, 102729
14042, 99065, 102791
14067, 99070, 102834
14072, 99107, 102887
14083, 99133, 102938
14093, 99144, 102951
14103, 99148, 103014
14113, 99174, 103046
14123, 99176, 103122
14133, 99230, 103185
14143, 99266, 103240
14153, 99263, 103325
14163, 99295, 103413
14173, 99348, 103496
14183, 99379, 103572
14193, 99418, 103658
14203, 99455, 103756
14213, 99487, 103860
14223, 99522, 103941
14233, 99544, 104029
14243, 99589, 104101
14253, 99605, 104169
14263, 99649, 104266
14273, 99669, 104356
14283, 99695, 104428
14293, 99751, 104509
14303, 99771, 104580
14313, 99800, 104643
14323, 99825, 104710
14333, 99869, 104798
14343, 99876, 104865
14353, 99900, 104942
14363, 99946, 104992
14373, 99965, 105066
14383, 100009, 105195
14393, 100047, 105240
14403, 100065, 105323
14413, 100110, 105369
14423, 100127, 105423
14433, 100147, 105466
14443, 100148, 105529
14453, 100177, 105566
14463, 100200, 105612
14473, 100207, 105670
14483, 100238, 105720
14493, 100247, 105788
14503, 100278, 105834
14513, 100303, 105883
14523, 100318, 105943
14533, 100349, 105999
14543, 100356, 106060
14553, 100391, 106118
14563, 100403, 106161
14573, 100451, 106209
14583, 100449, 106262
14593, 100479, 106293
14603, 100471, 106304
14613, 100476, 106302
14623, 100466, 106264
14633, 100428, 106221
14643, 100383, 106088
14653, 100347, 106007
14663, 100309, 105898
14673, 100252, 105791
14683, 100208, 105686
14693, 100147, 105566
14703, 100108, 105441
14713, 100045, 105324
14723, 99997, 105170
14733, 99921, 105014
14743, 99855, 104832
14753, 99767, 104637
14763, 99691, 104425
14773, 99590, 104204
14783, 99502, 103965
14793, 99403, 103707
14803, 99305, 103460
14813, 99205, 103218
14823, 99101, 102983
14833, 98994, 102736
14843, 98920, 102521
14853, 98846, 102326
14863, 98768, 102165
14873, 98717, 102053
14883, 98701, 101977
14893, 98687, 101948
14903, 98701, 101951
14913, 98698, 101953
14923, 98706, 101956
14933, 98725, 101968
14944, 98745, 102004
14954, 98763, 102028
14964, 98780, 102043
14974, 98776, 102069
14984, 98782, 102108
14994, 98793, 102133
15004, 98797, 102152
15014, 98816, 102174
15024, 98844, 102210
15034, 98859, 102255
15044, 98872, 102292
15054, 98879, 102339
15064, 98919, 102382
15074, 98934, 102432
15084, 98950, 102463
15094, 98984, 102518
15104, 98988, 102558
15114, 99003, 102624
15124, 99032, 102679
15134, 99059, 102746
15144, 99085, 102802
15154, 99117, 102868
15164, 99136, 102922
15174, 99162, 103017
15184, 99197, 103081
15194, 99227, 103161
15204, 99271, 103233
15214, 99300, 103310
15224, 99325, 103383
15234, 99355, 103450
15244, 99404, 103540
15254, 99423, 103623
15264, 99445, 103699
15274, 99501, 103775
15284, 99510, 103847
15294, 99543, 103910
15304, 99571, 103991
15314, 99595, 104048
15324, 99621, 104129
15334, 99635, 104208
15344, 99671, 104291
15354, 99726, 104351
15364, 99740, 104429
15374, 99770, 104495
15384, 99809, 104581
15394, 99830, 104664
15404, 99859, 104722
15414, 99887, 104790
15424, 99905, 104851
15434, 99943, 104907
15444, 99956, 104955
15454, 99977, 105023
15464, 100001, 105081
15474, 100036, 105149
15484, 100058, 105210
15494, 100069, 105268
15504, 100098, 105331
15514, 100137, 105387
15524, 100149, 105456
15534, 100162, 105498
15544, 100181, 105563
15554, 100216, 105633
15564, 100238, 105692
15574, 100233, 105731
15584, 100267, 105782
15594, 100280, 105781
15604, 100255, 105772
15614, 100233, 105727
15624, 100205, 105654
15634, 100167, 105573
15644, 100132, 105482
15654, 100085, 105370
15664, 100027, 105252
15674, 99992, 105141
15684, 99939, 105004
15694, 99868, 104841
15704, 99802, 104689
15714, 99720, 104476
15724, 99629, 104258
15734, 99539, 104012
15744, 99424, 103776
15754, 99308, 103492
15764, 99192, 103249
15774, 99098, 102976
15784, 98998, 102741
15795, 98899, 102497
15805, 98821, 102277
15815, 98726, 102101
15825, 98674, 101952
15835, 98612, 101825
15845, 98565, 101725
15855, 98566, 101634
15865, 98542, 101588
15875, 98539, 101559
15885, 98545, 101539
15895, 98537, 101544
15905, 98551, 101566
15915, 98555, 101596
15925, 98568, 101628
15935, 98597, 101659
15945, 98604, 101705
15955, 98629, 101748
15965, 98647, 101806
15975, 98662, 101832
15985, 98676, 101888
15995, 98707, 101941
16005, 98714, 101993
16015, 98751, 102034
16025, 98769, 102083
16035, 98782, 102148
16045, 98811, 102179
16055, 98852, 102237
16082, 98877, 102273
16086, 98895, 102348
16095, 98924, 102381
16105, 98949, 102442
16115, 98981, 102487
16125, 99002, 102545
16135, 99006, 102583
16145, 99045, 102635
16155, 99070, 102695
16165, 99089, 102732
16175, 99115, 102774
16185, 99131, 102826
16195, 99150, 102880
16205, 99169, 102926
16215, 99202, 103036
16225, 99241, 103085
16235, 99275, 103159
16245, 99302, 103217
16255, 99313, 103305
16265, 99341, 103376
16275, 99382, 103448
16285, 99409, 103511
16295, 99432, 103566
16305, 99459, 103644
16315, 99481, 103707
16325, 99525, 103768
16335, 99536, 103838
16345, 99567, 103908
16355, 99582, 103961
16365, 99611, 104036
16375, 99631, 104087
16385, 99664, 104139
16395, 99726, 104250
16405, 99730, 104316
16415, 99761, 104374
16425, 99759, 104421
16435, 99792, 104488
16445, 99832, 104514
16455, 99827, 104571
16465, 99866, 104636
16475, 99869, 104678
16485, 99884, 104720
16495, 99901, 104773
16505, 99926, 104832
16515, 99952, 104890
16525, 99986, 104947
16535, 100011, 105024
16545, 100011, 105065
16555, 100044, 105154
16565, 100040, 105198
16575, 100081, 105220
16585, 100071, 105236
16595, 100077, 105240
16605, 100065, 105209
16615, 100034, 105156
16626, 99995, 105086
16636, 99958, 104994
16646, 99920, 104886
16656, 99862, 104750
16666, 99808, 104601
16676, 99734, 104416
16686, 99643, 104212
16696, 99565, 103980
16706, 99442, 103739
16716, 99330, 103470
16726, 99213, 103200
16736, 99117, 102928
16746, 99007, 102677
16756, 98891, 102410
16766, 98790, 102194
16776, 98717, 101986
16786, 98627, 101822
16796, 98593, 101674
16806, 98532, 101561
16816, 98502, 101478
16826, 98460, 101404
16836, 98445, 101352
16846, 98439, 101345
16856, 98448, 101310
16866, 98447, 101329
16876, 98462, 101325
16886, 98504, 101346
16896, 98502, 101372
16906, 98521, 101406
16916, 98551, 101430
16926, 98554, 101455
16936, 98553, 101464
16946, 98561, 101477
16956, 98569, 101492
16966, 98585, 101535
16976, 98589, 101556
16986, 98586, 101569
16996, 98629, 101613
17006, 98642, 101662
17016, 98651, 101708
17026, 98671, 101750
17036, 98702, 101795
17046, 98729, 101830
17056, 98741, 101903
17066, 98764, 101946
17076, 98797, 102004
17086, 98822, 102067
17096, 98853, 102121
17106, 98881, 102197
17116, 98901, 102244
17126, 98918, 102293
17136, 98937, 102365
17146, 98975, 102425
17156, 99004, 102480
17166, 99039, 102569
17176, 99054, 102646
17186, 99100, 102709
17196, 99113, 102791
17206, 99163, 102867
17216, 99189, 102937
17226, 99209, 103012
17236, 99255, 103065
17246, 99274, 103140
17256, 99314, 103212
17266, 99323, 103276
17276, 99356, 103338
17286, 99369, 103388
17296, 99389, 103414
17306, 99406, 103462
17316, 99442, 103515
17326, 99447, 103572
17336, 99497, 103620
17346, 99480, 103650
17356, 99502, 103712
17366, 99543, 103781
17376, 99552, 103814
17386, 99586, 103891
17396, 99590, 103955
17406, 99613, 103988
17416, 99635, 104052
17426, 99645, 104097
17436, 99663, 104146
17446, 99658, 104185
17456, 99631, 104183
17467, 99598, 104221
17477, 99587, 104243
17487, 99548, 104251
17497, 99511, 104274
17507, 99487, 104306
17517, 99457, 104326
17527, 99438, 104354
17537, 99437, 104379
17547, 99424, 104404
17557, 99439, 104423
17567, 99455, 104444
17577, 99432, 104457
17587, 99455, 104457
17597, 99424, 104424
17607, 99400, 104367
17617, 99352, 104275
17627, 99315, 104150
17637, 99246, 104008
17647, 99165, 103818
17657, 99094, 103591
17667, 99003, 103355
17677, 98897, 103078
17687, 98769, 102795
17697, 98653, 102469
17707, 98532, 102176
17717, 98415, 101862
17727, 98270, 101579
17737, 98178, 101319
17747, 98066, 101062
17757, 97963, 100840
17767, 97883, 100662
17777, 97818, 100478
17787, 97746, 100327
17797, 97687, 100210
17807, 97644, 100075
17817, 97618, 100001
17827, 97579, 99899
17837, 97556, 99845
17847, 97527, 99790
17857, 97521, 99779
17867, 97530, 99785
17877, 97531, 99821
17887, 97573, 99873
17897, 97593, 99905
17907, 97606, 99964
17917, 97638, 100006
17927, 97645, 100073
17937, 97660, 100114
17947, 97698, 100168
17957, 97716, 100211
17967, 97747, 100272
17977, 97769, 100305
17987, 97787, 100369
17997, 97802, 100406
18007, 97841, 100435
18017, 97866, 100498
18027, 97870, 100521
18037, 97893, 100570
18047, 97912, 100638
18057, 97940, 100667
18067, 97952, 100742
18092, 97988, 100777
18097, 98021, 100852
18107, 98051, 100916
18117, 98081, 100999
18127, 98099, 101042
18137, 98138, 101116
18147, 98155, 101176
18157, 98168, 101237
18167, 98190, 101301
18177, 98232, 101359
18187, 98242, 101390
18197, 98269, 101446
18207, 98278, 101499
18217, 98307, 101577
18227, 98340, 101604
18237, 98358, 101676
18247, 98391, 101735
18257, 98408, 101780
18267, 98407, 101832
18277, 98438, 101871
18287, 98447, 101896
18297, 98473, 101960
18307, 98489, 102013
18317, 98514, 102052
18327, 98539, 102106
18337, 98562, 102163
18347, 98578, 102215
18357, 98595, 102279
18367, 98638, 102329
18378, 98659, 102406
18388, 98672, 102454
18398, 98706, 102509
18408, 98740, 102619
18418, 98745, 102662
18428, 98775, 102735
18438, 98802, 102792
18448, 98826, 102845
18458, 98846, 102905
18468, 98877, 102953
18478, 98903, 103038
18488, 98944, 103111
18498, 98960, 103172
18508, 98997, 103236
18518, 99020, 103317
18528, 99032, 103389
18538, 99079, 103440
18548, 99103, 103509
18558, 99119, 103586
18568, 99135, 103592
18578, 99135, 103629
18588, 99128, 103607
18598, 99105, 103544
18608, 99074, 103448
18618, 99029, 103322
18628, 98948, 103147
18638, 98888, 102926
18648, 98795, 102692
18658, 98682, 102440
18668, 98595, 102185
18678, 98481, 101947
18688, 98402, 101720
18698, 98307, 101494
18708, 98220, 101289
18718, 98152, 101130
18728, 98101, 100990
18738, 98042, 100836
18748, 97989, 100724
18758, 97944, 100620
18768, 97916, 100531
18778, 97873, 100449
18788, 97852, 100378
18798, 97836, 100330
18808, 97831, 100297
18818, 97820, 100288
18828, 97817, 100290
18838, 97829, 100324
18848, 97846, 100389
18858, 97880, 100437
18868, 97909, 100485
18878, 97931, 100548
18888, 97954, 100616
18898, 97970, 100675
18908, 97991, 100720
18918, 98012, 100762
18928, 98011, 100773
18938, 98026, 100797
18948, 98038, 100805
18958, 98031, 100832
18968, 98046, 100815
18978, 98041, 100849
18988, 98046, 100844
18998, 98035, 100859
19008, 98050, 100871
19018, 98068, 100908
19028, 98077, 100942
19038, 98100, 100957
19048, 98097, 100993
19058, 98113, 101021
19068, 98127, 101081
19078, 98156, 101130
19088, 98175, 101172
19098, 98192, 101247
19108, 98200, 101257
19118, 98225, 101302
19128, 98233, 101345
19138, 98234, 101362
19148, 98229, 101378
19158, 98228, 101387
19168, 98256, 101407
19178, 98289, 101455
19189, 98284, 101505
19199, 98327, 101564
19209, 98363, 101629
19219, 98401, 101697
19229, 98427, 101763
19239, 98452, 101836
19249, 98475, 101906
19259, 98507, 101948
19269, 98515, 102013
19279, 98560, 102073
19289, 98568, 102163
19299, 98610, 102222
19309, 98641, 102286
19319, 98674, 102355
19329, 98690, 102428
19339, 98738, 102499
19349, 98750, 102564
19359, 98792, 102645
19369, 98809, 102733
19379, 98857, 102785
19389, 98880, 102864
19399, 98906, 102938
19409, 98932, 103009
19419, 98946, 103059
19429, 98980, 103156
19439, 99004, 103204
19449, 99034, 103273
19459, 99055, 103355
19469, 99089, 103423
19479, 99108, 103489
19489, 99127, 103558
19499, 99138, 103588
19509, 99151, 103612
19519, 99134, 103562
19529, 99114, 103524
19539, 99083, 103437
19549, 99027, 103300
19559, 98949, 103130
19569, 98874, 102914
19579, 98756, 102633
19589, 98631, 102352
19599, 98513, 102027
19609, 98395, 101711
19619, 98256, 101388
19629, 98150, 101097
19639, 98053, 100845
19649, 97955, 100619
19659, 97881, 100433
19669, 97790, 100286
19679, 97752, 100154
19689, 97691, 100017
19699, 97652, 99901
19709, 97613, 99802
19719, 97581, 99744
19729, 97556, 99666
19739, 97541, 99634
19749, 97529, 99591
19759, 97523, 99584
19769, 97519, 99607
19779, 97538, 99634
19789, 97554, 99656
19799, 97580, 99743
19809, 97594, 99796
19819, 97608, 99817
19829, 97632, 99872
19839, 97650, 99925
19849, 97671, 99972
19859, 97686, 100005
19869, 97707, 100053
19879, 97715, 100074
19889, 97741, 100124
19899, 97756, 100152
19909, 97777, 100187
19919, 97805, 100242
19929, 97822, 100290
19939, 97853, 100342
19949, 97860, 100392
19959, 97891, 100446
19969, 97903, 100486
19980, 97919, 100529
19990, 97939, 100589
20000, 97954, 100620
20010, 97996, 100665
20020, 98006, 100730
20030, 98029, 100798
20040, 98064, 100866
20050, 98098, 100914
20060, 98099, 100970
20070, 98112, 101028
20080, 98138, 101068
20106, 98145, 101116
20111, 98183, 101168
20120, 98184, 101199
20130, 98200, 101255
20140, 98242, 101292
20150, 98273, 101358
20160, 98288, 101418
20170, 98328, 101472
20180, 98346, 101532
20190, 98361, 101587
20200, 98395, 101639
20210, 98412, 101710
20220, 98426, 101769
20230, 98452, 101840
20240, 98484, 101893
20250, 98510, 101946
20260, 98539, 102022
20270, 98560, 102075
20280, 98583, 102128
20290, 98601, 102191
20300, 98631, 102250
20310, 98662, 102306
20320, 98695, 102366
20330, 98710, 102451
20340, 98760, 102536
20350, 98769, 102579
20360, 98800, 102648
20370, 98819, 102687
20380, 98829, 102742
20390, 98852, 102810
20400, 98884, 102868
20410, 98911, 102929
20420, 98996, 103055
20430, 98986, 103126
20440, 99019, 103200
20450, 99035, 103257
20460, 99066, 103317
20470, 99067, 103351
20480, 99072, 103372
20490, 99059, 103319
20500, 99038, 103269
20510, 99004, 103160
20520, 98945, 103026
20530, 98900, 102836
20540, 98786, 102623
20550, 98717, 102389
20560, 98601, 102139
20570, 98490, 101882
20580, 98391, 101619
20590, 98300, 101395
20600, 98235, 101174
20610, 98143, 100976
20620, 98075, 100840
20630, 97996, 100672
20640, 97947, 100540
20650, 97898, 100417
20660, 97852, 100313
20670, 97811, 100212
20680, 97781, 100109
20690, 97742, 100027
20700, 97707, 99967
20710, 97693, 99904
20720, 97684, 99882
20730, 97677, 99889
20740, 97681, 99900
20750, 97693, 99948
20761, 97694, 100003
20771, 97750, 100051
20781, 97781, 100139
20791, 97811, 100201
20801, 97832, 100273
20811, 97858, 100345
20821, 97896, 100379
20831, 97912, 100438
20841, 97926, 100466
20851, 97931, 100519
20861, 97957, 100568
20871, 97973, 100584
20881, 97980, 100627
20891, 98006, 100674
20901, 98022, 100703
20911, 98043, 100785
20921, 98072, 100819
20931, 98088, 100877
20941, 98097, 100928
20951, 98117, 100965
20961, 98156, 101023
20971, 98170, 101084
20981, 98190, 101111
20991, 98207, 101177
21001, 98226, 101217
21011, 98223, 101250
21021, 98263, 101297
21031, 98274, 101328
21041, 98292, 101389
21051, 98311, 101430
21061, 98324, 101485
21071, 98347, 101542
21081, 98374, 101593
21091, 98391, 101647
21101, 98434, 101716
21111, 98449, 101769
21121, 98486, 101817
21131, 98493, 101880
21141, 98534, 101934
21151, 98542, 102005
21161, 98578, 102063
21171, 98595, 102128
21181, 98620, 102172
21191, 98655, 102236
21201, 98651, 102309
21211, 98672, 102358
21221, 98703, 102422
21231, 98744, 102465
21241, 98758, 102522
21251, 98769, 102589
21261, 98798, 102663
21271, 98835, 102708
21281, 98828, 102783
21291, 98885, 102845
21301, 98895, 102894
21311, 98926, 102982
21321, 98943, 103008
21331, 98962, 103071
21341, 98979, 103107
21351, 99006, 103181
21361, 99029, 103230
21371, 99047, 103297
21381, 99078, 103359
21391, 99103, 103431
21401, 99127, 103515
21411, 99172, 103552
21421, 99171, 103629
21431, 99202, 103685
21441, 99221, 103739
21451, 99226, 103752
21461, 99223, 103765
21471, 99216, 103753
21481, 99190, 103695
21491, 99165, 103598
21501, 99110, 103480
21511, 99056, 103331
21521, 98986, 103131
21531, 98897, 102917
21542, 98822, 102685
21552, 98703, 102417
21562, 98603, 102148
21572, 98475, 101868
21582, 98392, 101640
21592, 98279, 101384
21602, 98188, 101185
21612, 98095, 100968
21622, 98047, 100802
21632, 97961, 100648
21642, 97906, 100523
21652, 97844, 100384
21662, 97812, 100271
21672, 97767, 100192
21682, 97737, 100108
21692, 97699, 100032
21702, 97699, 99997
21712, 97671, 99970
21722, 97671, 99980
21732, 97685, 99989
21742, 97701, 100030
21752, 97712, 100072
21762, 97739, 100124
21772, 97762, 100169
21782, 97759, 100211
21792, 97795, 100249
21802, 97818, 100311
21812, 97820, 100341
21822, 97829, 100365
21832, 97820, 100386
21842, 97827, 100416
21852, 97853, 100443
21862, 97864, 100446
21872, 97845, 100463
21882, 97872, 100504
21892, 97895, 100528
21902, 97921, 100592
21912, 97943, 100629
21922, 97941, 100670
21932, 97968, 100715
21942, 97988, 100742
21952, 98013, 100803
21962, 98009, 100841
21972, 98031, 100876
21982, 98029, 100921
21992, 98067, 100956
22002, 98108, 101015
22012, 98129, 101072
22022, 98129, 101143
22032, 98196, 101212
22042, 98205, 101260
22052, 98239, 101345
22062, 98262, 101413
22072, 98293, 101466
22082, 98295, 101516
22092, 98328, 101589
22117, 98350, 101645
22122, 98373, 101704
22132, 98402, 101761
22142, 98422, 101809
22152, 98440, 101862
22162, 98471, 101915
22172, 98509, 101970
22182, 98530, 102050
22192, 98546, 102117
22202, 98573, 102175
22212, 98621, 102238
22222, 98634, 102315
22232, 98662, 102388
22242, 98687, 102438
22252, 98704, 102500
22262, 98734, 102561
22272, 98768, 102612
22282, 98773, 102660
22292, 98802, 102722
22302, 98816, 102797
22312, 98851, 102847
22322, 98851, 102900
22332, 98873, 102965
22342, 98909, 103019
22353, 98941, 103070
22363, 98947, 103136
22373, 98971, 103187
22383, 98980, 103246
22393, 99018, 103312
22403, 99039, 103369
22413, 99056, 103406
22423, 99073, 103478
22433, 99093, 103553
22443, 99114, 103602
22453, 99096, 103625
22463, 99111, 103631
22473, 99091, 103581
22483, 99081, 103543
22493, 99047, 103436
22503, 98990, 103315
22513, 98933, 103139
22523, 98840, 102937
22533, 98737, 102679
22543, 98636, 102425
22553, 98523, 102148
22563, 98401, 101854
22573, 98296, 101560
22583, 98190, 101314
22593, 98085, 101079
22603, 97987, 100872
22613, 97924, 100677
22623, 97842, 100495
22633, 97781, 100342
22643, 97703, 100203
22653, 97650, 100099
22663, 97610, 99967
22673, 97571, 99871
22683, 97522, 99806
22693, 97501, 99718
22703, 97469, 99667
22713, 97473, 99636
22723, 97470, 99649
22733, 97500, 99660
22743, 97494, 99706
22753, 97520, 99756
22763, 97543, 99820
22773, 97563, 99878
22783, 97601, 99942
22793, 97615, 100010
22803, 97645, 100056
22813, 97638, 100103
22823, 97653, 100131
22833, 97676, 100154
22843, 97680, 100187
22853, 97678, 100201
22863, 97689, 100212
22873, 97694, 100248
22883, 97721, 100274
22893, 97736, 100326
22903, 97755, 100347
22913, 97775, 100385
22923, 97797, 100426
22933, 97811, 100486
22943, 97807, 100517
22953, 97833, 100560
22963, 97860, 100608
22973, 97886, 100646
22983, 97891, 100693
22993, 97914, 100739
23003, 97953, 100801
23013, 97976, 100854
23023, 98000, 100912
23033, 98014, 100972
23043, 98047, 101021
23053, 98073, 101080
23063, 98063, 101121
23073, 98091, 101177
23083, 98096, 101195
23093, 98143, 101235
23103, 98144, 101279
23113, 98165, 101319
23123, 98179, 101368
23134, 98212, 101410
23144, 98236, 101467
23154, 98247, 101539
23164, 98265, 101595
23174, 98299, 101637
23184, 98317, 101692
23194, 98352, 101756
23204, 98370, 101810
23214, 98391, 101862
23224, 98398, 101903
23234, 98412, 101966
23244, 98444, 102009
23254, 98457, 102050
23264, 98491, 102100
23274, 98511, 102157
23284, 98531, 102212
23294, 98531, 102254
23304, 98577, 102317
23314, 98580, 102356
23324, 98604, 102419
23334, 98629, 102479
23344, 98660, 102556
23354, 98699, 102603
23364, 98719, 102652
23374, 98729, 102746
23384, 98753, 102796
23394, 98774, 102862
23404, 98800, 102917
23414, 98811, 102959
23424, 98831, 102995
23434, 98852, 103047
23444, 98859, 103050
23454, 98856, 103048
23464, 98830, 103023
23474, 98799, 102930
23484, 98767, 102844
23494, 98714, 102685
23504, 98637, 102480
23514, 98538, 102228
23524, 98421, 101988
23534, 98319, 101691
23544, 98168, 101395
23554, 98050, 101111
23564, 97934, 100837
23574, 97843, 100605
23584, 97735, 100393
23594, 97690, 100233
23604, 97632, 100105
23614, 97574, 99964
23624, 97523, 99842
23634, 97494, 99762
23644, 97454, 99690
23654, 97439, 99626
23664, 97393, 99547
23674, 97358, 99484
23684, 97333, 99438
23694, 97321, 99399
23704, 97316, 99402
23714, 97313, 99401
23724, 97320, 99420
23734, 97338, 99463
23744, 97372, 99523
23754, 97391, 99594
23764, 97416, 99645
23774, 97452, 99734
23784, 97482, 99790
23794, 97503, 99841
23804, 97532, 99898
23814, 97558, 99952
23824, 97558, 99977
23834, 97578, 100031
23844, 97606, 100068
23854, 97592, 100100
23864, 97628, 100134
23874, 97641, 100192
23884, 97693, 100256
23894, 97710, 100306
23904, 97738, 100351
23914, 97756, 100428
23924, 97780, 100459
23934, 97805, 100527
23944, 97843, 100592
23954, 97873, 100655
23965, 97884, 100708
23975, 97921, 100757
23985, 97944, 100810
23995, 97958, 100872
24005, 97976, 100950
24015, 98029, 100996
24025, 98052, 101063
24035, 98060, 101116
24045, 98106, 101186
24055, 98123, 101248
24065, 98150, 101331
24075, 98176, 101387
24085, 98207, 101447
24095, 98210, 101496
24105, 98250, 101569
24132, 98267, 101604
24136, 98312, 101688
24145, 98331, 101748
24155, 98357, 101790
24165, 98373, 101849
24175, 98397, 101898
24185, 98422, 101964
24195, 98451, 102007
24205, 98456, 102050
24215, 98462, 102123
24225, 98508, 102171
24235, 98523, 102215
24245, 98543, 102286
24255, 98558, 102325
24265, 98591, 102387
24275, 98619, 102476
24285, 98630, 102501
24295, 98656, 102554
24305, 98689, 102596
24315, 98705, 102660
24325, 98723, 102705
24335, 98737, 102773
24345, 98771, 102816
24355, 98775, 102876
24365, 98817, 102941
24375, 98824, 102985
24385, 98843, 103051
24395, 98870, 103077
24405, 98894, 103156
24415, 98929, 103202
24425, 98916, 103238
24435, 98928, 103249
24445, 98939, 103173
24455, 98835, 103064
24465, 98782, 102932
24475, 98708, 102731
24485, 98612, 102493
24495, 98486, 102217
24505, 98356, 101914
24515, 98211, 101551
24525, 98079, 101230
24535, 97934, 100914
24545, 97838, 100651
24555, 97724, 100387
24565, 97646, 100182
24575, 97557, 99990
24585, 97505, 99866
24595, 97454, 99717
24605, 97404, 99619
24615, 97332, 99505
24625, 97295, 99383
24635, 97257, 99295
24645, 97209, 99208
24655, 97179, 99147
24665, 97161, 99113
24675, 97153, 99087
24685, 97164, 99089
24695, 97160, 99103
24705, 97177, 99175
24715, 97220, 99223
24725, 97244, 99293
24735, 97274, 99360
24745, 97308, 99432
24755, 97332, 99499
24766, 97366, 99568
24776, 97393, 99637
24786, 97420, 99678
24796, 97424, 99722
24806, 97457, 99766
24816, 97482, 99830
24826, 97491, 99867
24836, 97516, 99912
24846, 97539, 99945
24856, 97566, 99990
24866, 97584, 100033
24876, 97613, 100105
24886, 97637, 100149
24896, 97681, 100226
24906, 97709, 100281
24916, 97727, 100357
24926, 97764, 100425
24936, 97785, 100503
24946, 97830, 100568
24956, 97847, 100642
24966, 97877, 100701
24976, 97894, 100748
24986, 97899, 100785
24996, 97934, 100836
25006, 97955, 100891
25016, 97991, 100956
25026, 98027, 101030
25036, 98041, 101067
25046, 98074, 101145
25056, 98092, 101206
25066, 98130, 101255
25076, 98151, 101317
25086, 98178, 101393
25096, 98198, 101445
25106, 98226, 101513
25116, 98249, 101583
25126, 98284, 101641
25136, 98300, 101698
25146, 98316, 101759
25156, 98348, 101799
25166, 98380, 101845
25176, 98394, 101891
25186, 98387, 101936
25196, 98414, 101992
25206, 98441, 102052
25216, 98477, 102107
25226, 98494, 102162
25236, 98498, 102221
25246, 98548, 102270
25256, 98550, 102336
25266, 98582, 102381
25276, 98605, 102441
25286, 98610, 102480
25296, 98620, 102515
25306, 98644, 102562
25316, 98659, 102601
25326, 98685, 102633
25336, 98694, 102685
25346, 98702, 102733
25356, 98743, 102802
25366, 98764, 102830
25376, 98779, 102887
25386, 98794, 102964
25396, 98818, 103010
25406, 98820, 103044
25416, 98857, 103105
25426, 98857, 103156
25436, 98869, 103176
25446, 98884, 103166
25456, 98835, 103137
25466, 98808, 103048
25476, 98770, 102922
25486, 98697, 102760
25496, 98610, 102546
25506, 98516, 102284
25516, 98401, 102012
25526, 98254, 101686
25536, 98129, 101372
25546, 98013, 101086
25556, 97874, 100787
25566, 97772, 100526
25576, 97663, 100282
25586, 97574, 100083
25596, 97493, 99876
25606, 97427, 99718
25617, 97347, 99558
25627, 97278, 99406
25637, 97239, 99273
25647, 97193, 99183
25657, 97170, 99090
25667, 97127, 99039
25677, 97101, 98966
25687, 97080, 98965
25697, 97088, 98937
25707, 97084, 98966
25717, 97089, 98959
25727, 97109, 99011
25737, 97134, 99053
25747, 97147, 99117
25757, 97190, 99184
25767, 97221, 99251
25777, 97247, 99304
25787, 97284, 99371
25797, 97307, 99425
25807, 97329, 99495
25817, 97360, 99550
25827, 97408, 99608
25837, 97422, 99664
25847, 97447, 99711
25857, 97474, 99740
25867, 97473, 99796
25877, 97486, 99835
25887, 97516, 99876
25897, 97532, 99929
25907, 97559, 99986
25917, 97574, 100041
25927, 97606, 100083
25937, 97630, 100132
25947, 97653, 100200
25957, 97694, 100256
25967, 97716, 100296
25977, 97748, 100373
25987, 97772, 100455
25997, 97794, 100501
26007, 97814, 100574
26017, 97845, 100646
26027, 97881, 100728
26037, 97923, 100802
26047, 97940, 100859
26057, 97985, 100932
26067, 98023, 101000
26077, 98050, 101054
26087, 98045, 101117
26097, 98066, 101162
26107, 98094, 101197
26117, 98124, 101239
26142, 98129, 101304
26147, 98159, 101355
26157, 98193, 101416
26167, 98224, 101464
26177, 98244, 101528
26187, 98258, 101607
26197, 98302, 101676
26207, 98321, 101738
26217, 98347, 101791
26227, 98382, 101882
26237, 98415, 101941
26247, 98449, 102003
26257, 98453, 102075
26267, 98473, 102109
26277, 98500, 102160
26287, 98517, 102228
26297, 98529, 102260
26307, 98566, 102322
26317, 98572, 102367
26327, 98616, 102442
26337, 98642, 102498
26347, 98670, 102559
26357, 98687, 102632
26367, 98710, 102689
26377, 98731, 102771
26387, 98749, 102820
26397, 98797, 102873
26407, 98813, 102952
26417, 98849, 103008
26427, 98877, 103070
26438, 98900, 103142
26448, 98925, 103203
26458, 98958, 103338
26468, 98986, 103393
26478, 98996, 103415
26488, 98990, 103414
26498, 98984, 103408
26508, 98960, 103337
26518, 98917, 103219
26528, 98846, 103067
26538, 98757, 102859
26548, 98683, 102628
26558, 98555, 102345
26568, 98439, 102029
26578, 98301, 101715
26588, 98173, 101422
26598, 98040, 101136
26608, 97936, 100854
26618, 97850, 100621
26628, 97744, 100411
26638, 97671, 100222
26648, 97604, 100054
26658, 97527, 99894
26668, 97468, 99769
26678, 97415, 99654
26688, 97396, 99543
26698, 97342, 99483
26708, 97318, 99394
26718, 97297, 99334
26728, 97286, 99300
26738, 97262, 99272
26748, 97263, 99261
26758, 97273, 99303
26768, 97285, 99349
26778, 97304, 99407
26788, 97351, 99474
26798, 97372, 99545
26808, 97395, 99622
26818, 97442, 99656
26828, 97447, 99709
26838, 97465, 99778
26848, 97497, 99827
26858, 97523, 99874
26868, 97548, 99913
26878, 97557, 99947
26888, 97571, 100006
26898, 97596, 100017
26908, 97597, 100044
26918, 97615, 100099
26928, 97626, 100084
26938, 97637, 100134
26948, 97650, 100161
26958, 97658, 100208
26968, 97701, 100249
26978, 97730, 100309
26988, 97740, 100364
26998, 97779, 100421
27008, 97786, 100490
27018, 97829, 100556
27028, 97844, 100604
27038, 97873, 100679
27048, 97880, 100730
27058, 97917, 100796
27068, 97946, 100845
27078, 97987, 100908
27088, 97996, 100935
27098, 98023, 100997
27108, 98041, 101056
27118, 98051, 101107
27128, 98080, 101132
27138, 98078, 101176
27148, 98096, 101230
27158, 98123, 101279
27168, 98165, 101326
27178, 98182, 101394
27188, 98231, 101467
27198, 98255, 101521
27208, 98275, 101598
27218, 98291, 101668
27228, 98332, 101740
27238, 98361, 101795
27248, 98368, 101849
27258, 98396, 101916
27269, 98427, 101950
27279, 98442, 102018
27289, 98458, 102056
27299, 98483, 102131
27309, 98514, 102194
27319, 98541, 102249
27329, 98557, 102326
27339, 98582, 102363
27349, 98603, 102412
27359, 98641, 102472
27369, 98661, 102548
27379, 98676, 102603
27389, 98705, 102658
27399, 98741, 102745
27409, 98765, 102793
27419, 98790, 102862
27429, 98811, 102915
27439, 98832, 102981
27449, 98861, 103045
27459, 98883, 103120
27469, 98917, 103164
27479, 98931, 103211
27489, 98928, 103256
27499, 98959, 103278
27509, 98930, 103247
27519, 98893, 103216
27529, 98869, 103095
27539, 98794, 102963
27549, 98725, 102774
27559, 98634, 102523
27569, 98510, 102250
27579, 98392, 101937
27589, 98259, 101631
27599, 98130, 101328
27609, 98016, 101046
27619, 97909, 100792
27629, 97817, 100556
27639, 97723, 100349
27649, 97655, 100174
27659, 97581, 100035
27669, 97518, 99905
27679, 97468, 99776
27689, 97412, 99665
27699, 97375, 99556
27709, 97325, 99433
27719, 97278, 99375
27729, 97237, 99284
27739, 97201, 99201
27749, 97184, 99167
27759, 97174, 99125
27769, 97185, 99172
27779, 97198, 99207
27789, 97244, 99273
27799, 97271, 99347
27809, 97301, 99426
27819, 97341, 99497
27829, 97371, 99554
27839, 97396, 99639
27849, 97418, 99700
27859, 97445, 99745
27869, 97463, 99777
27879, 97469, 99797
27889, 97480, 99822
27899, 97489, 99862
27909, 97494, 99890
27919, 97511, 99910
27929, 97511, 99937
27939, 97545, 99956
27949, 97573, 100003
27959, 97586, 100068
27969, 97603, 100121
27979, 97636, 100174
27989, 97676, 100241
27999, 97700, 100291
28009, 97727, 100348
28019, 97741, 100412
28030, 97761, 100463
28040, 97800, 100527
28050, 97839, 100595
28060, 97850, 100676
28070, 97896, 100750
28080, 97937, 100811
28090, 97952, 100884
28100, 97975, 100937
28110, 97991, 100989
28120, 98022, 101028
28130, 98061, 101078
28156, 98064, 101131
28161, 98101, 101189
28170, 98122, 101244
28180, 98146, 101326
28190, 98178, 101381
28200, 98193, 101437
28210, 98205, 101508
28220, 98236, 101556
28230, 98258, 101608
28240, 98269, 101648
28250, 98302, 101697
28260, 98316, 101741
28270, 98322, 101771
28280, 98350, 101812
28290, 98364, 101864
28300, 98383, 101907
28310, 98400, 101950
28320, 98414, 102002
28330, 98435, 102054
28340, 98467, 102106
28350, 98467, 102137
28360, 98499, 102197
28370, 98530, 102260
28380, 98543, 102331
28390, 98568, 102386
28400, 98589, 102462
28410, 98623, 102504
28420, 98672, 102585
28430, 98694, 102633
28440, 98719, 102718
28450, 98737, 102776
28460, 98763, 102845
28470, 98843, 102912
28480, 98795, 102938
28490, 98746, 102886
28500, 98737, 102812
28510, 98693, 102685
28520, 98616, 102517
28530, 98524, 102287
28540, 98409, 102022
28550, 98292, 101731
28560, 98128, 101412
28570, 98003, 101110
28580, 97884, 100800
28590, 97773, 100516
28600, 97673, 100281
28610, 97596, 100087
28620, 97511, 99918
28630, 97453, 99755
28640, 97370, 99589
28650, 97327, 99494
28660, 97266, 99365
28670, 97210, 99252
28680, 97182, 99163
28690, 97122, 99051
28700, 97109, 99002
28710, 97079, 98942
28720, 97088, 98951
28730, 97078, 98931
28740, 97088, 98962
28750, 97114, 99014
28760, 97145, 99082
28770, 97155, 99134
28780, 97200, 99207
28790, 97231, 99283
28800, 97266, 99363
28811, 97299, 99438
28821, 97336, 99480
28831, 97358, 99547
28841, 97393, 99606
28851, 97420, 99662
28861, 97425, 99711
28871, 97463, 99758
28881, 97479, 99815
28891, 97497, 99863
28901, 97514, 99921
28911, 97550, 99971
28921, 97562, 100017
28931, 97582, 100069
28941, 97596, 100126
28951, 97629, 100132
28961, 97648, 100198
28971, 97648, 100223
28981, 97682, 100272
28991, 97681, 100317
29001, 97726, 100367
29011, 97748, 100422
29021, 97765, 100494
29031, 97805, 100569
29041, 97833, 100638
29051, 97856, 100696
29061, 97873, 100741
29071, 97899, 100799
29081, 97924, 100843
29091, 97934, 100873
29101, 97949, 100921
29111, 97968, 100948
29121, 97990, 100999
29131, 98009, 101066
29141, 98017, 101101
29151, 98047, 101142
29161, 98064, 101179
29171, 98075, 101228
29181, 98116, 101262
29191, 98129, 101292
29201, 98131, 101366
29211, 98158, 101393
29221, 98201, 101462
29231, 98188, 101522
29241, 98228, 101570
29251, 98261, 101625
29261, 98266, 101688
29271, 98278, 101721
29281, 98296, 101770
29291, 98316, 101806
29301, 98322, 101842
29311, 98347, 101892
29321, 98342, 101923
29331, 98367, 101938
29341, 98398, 101969
29351, 98402, 101992
29361, 98414, 102060
29371, 98433, 102085
29381, 98472, 102153
29391, 98480, 102213
29401, 98526, 102285
29411, 98535, 102348
29421, 98569, 102421
29431, 98594, 102465
29441, 98623, 102540
29451, 98640, 102578
29461, 98648, 102633
29471, 98668, 102653
29481, 98663, 102672
29491, 98640, 102633
29501, 98624, 102569
29511, 98565, 102460
29521, 98506, 102296
29531, 98402, 102065
29541, 98291, 101805
29551, 98168, 101496
29561, 98047, 101207
29571, 97891, 100863
29581, 97774, 100562
29591, 97646, 100278
29601, 97512, 100016
29612, 97418, 99779
29622, 97344, 99564
29632, 97253, 99405
29642, 97182, 99228
29652, 97114, 99068
29662, 97061, 98948
29672, 97013, 98837
29682, 96975, 98739
29692, 96938, 98664
29702, 96899, 98607
29712, 96873, 98541
29722, 96850, 98499
29732, 96833, 98458
29742, 96816, 98431
29752, 96821, 98446
29762, 96851, 98478
29772, 96855, 98532
29782, 96888, 98592
29792, 96929, 98652
29802, 96969, 98747
29812, 96989, 98824
29822, 97033, 98877
29832, 97057, 98944
29842, 97097, 98980
29852, 97133, 99052
29862, 97168, 99128
29872, 97184, 99194
29882, 97219, 99263
29892, 97235, 99332
29902, 97275, 99373
29912, 97293, 99417
29922, 97310, 99476
29932, 97332, 99537
29942, 97350, 99553
29952, 97357, 99616
29962, 97365, 99633
29972, 97385, 99672
29982, 97411, 99715
29992, 97426, 99762
30002, 97443, 99792
30012, 97465, 99826
30022, 97488, 99865
30032, 97520, 99922
30042, 97533, 99994
30052, 97551, 100050
30062, 97603, 100119
30072, 97635, 100182
30082, 97649, 100246
30092, 97675, 100300
30102, 97699, 100354
30112, 97725, 100410
30122, 97752, 100473
30132, 97778, 100514
30142, 97778, 100565
30167, 97799, 100606
30172, 97825, 100683
30182, 97864, 100698
30192, 97892, 100775
30202, 97902, 100819
30212, 97923, 100887
30222, 97961, 100949
30232, 97983, 100985
30242, 98008, 101035
30252, 98020, 101093
30262, 98036, 101135
30272, 98074, 101182
30282, 98077, 101222
30292, 98097, 101271
30302, 98107, 101313
30312, 98134, 101388
30322, 98168, 101452
30332, 98182, 101494
30342, 98217, 101564
30352, 98232, 101607
30362, 98278, 101682
30372, 98298, 101731
30382, 98321, 101772
30392, 98337, 101832
30403, 98369, 101867
30413, 98372, 101934
30423, 98398, 102015
30433, 98446, 102070
30443, 98449, 102123
30453, 98464, 102178
30463, 98509, 102230
30473, 98517, 102286
30483, 98543, 102362
30493, 98566, 102386
30503, 98544, 102374
30513, 98540, 102315
30523, 98479, 102219
30533, 98435, 102057
30543, 98352, 101864
30553, 98244, 101631
30563, 98133, 101353
30573, 98020, 101056
30583, 97895, 100760
30593, 97754, 100490
30603, 97635, 100220
30613, 97523, 99985
30623, 97440, 99763
30633, 97350, 99562
30643, 97283, 99370
30653, 97198, 99224
30663, 97123, 99088
30673, 97092, 98972
30683, 97048, 98865
30693, 97024, 98793
30703, 96995, 98739
30713, 96973, 98682
30723, 96941, 98638
30733, 96914, 98578
30743, 96896, 98544
30753, 96882, 98520
30763, 96898, 98540
30773, 96912, 98559
30783, 96934, 98619
30793, 96970, 98674
30803, 96996, 98735
30813, 97022, 98808
30823, 97053, 98865
30833, 97069, 98931
30843, 97093, 98975
30853, 97126, 99031
30863, 97146, 99049
30873, 97155, 99099
30883, 97185, 99163
30893, 97208, 99211
30903, 97229, 99265
30913, 97259, 99327
30923, 97296, 99376
30933, 97321, 99427
30943, 97334, 99467
30953, 97353, 99533
30963, 97391, 99583
30973, 97402, 99620
30983, 97424, 99669
30993, 97452, 99702
31003, 97475, 99769
31013, 97481, 99818
31023, 97510, 99853
31033, 97560, 99927
31043, 97568, 99980
31053, 97596, 100038
31063, 97624, 100109
31073, 97626, 100175
31083, 97685, 100208
31093, 97705, 100266
31103, 97714, 100311
31113, 97741, 100391
31123, 97759, 100434
31133, 97788, 100483
31143, 97803, 100540
31153, 97823, 100575
31163, 97817, 100616
31173, 97840, 100654
31183, 97870, 100697
31193, 97891, 100742
31203, 97928, 100794
31213, 97964, 100871
31223, 97996, 100945
31233, 98020, 100998
31243, 98043, 101092
31253, 98081, 101152
31264, 98119, 101239
31274, 98136, 101282
31284, 98157, 101344
31294, 98157, 101379
31304, 98185, 101432
31314, 98219, 101477
31324, 98254, 101528
31334, 98252, 101587
31344, 98293, 101649
31354, 98321, 101707
31364, 98333, 101766
31374, 98378, 101845
31384, 98383, 101912
31394, 98425, 101967
31404, 98442, 102034
31414, 98471, 102067
31424, 98489, 102145
31434, 98536, 102206
31444, 98541, 102277
31454, 98587, 102356
31464, 98604, 102415
31474, 98633, 102464
31484, 98654, 102530
31494, 98674, 102552
31504, 98685, 102571
31514, 98656, 102559
31524, 98631, 102470
31534, 98579, 102366
31544, 98533, 102202
31554, 98448, 101990
31564, 98337, 101743
31574, 98218, 101473
31584, 98097, 101192
31594, 97975, 100924
31604, 97889, 100675
31614, 97805, 100449
31624, 97697, 100237
31634, 97603, 100060
31644, 97554, 99873
31654, 97501, 99753
31664, 97418, 99637
31674, 97391, 99529
31684, 97343, 99435
31694, 97300, 99351
31704, 97284, 99256
31714, 97258, 99240
31724, 97246, 99204
31734, 97227, 99158
31744, 97223, 99163
31754, 97225, 99169
31764, 97226, 99198
31774, 97249, 99227
31784, 97279, 99291
31794, 97316, 99364
31804, 97349, 99448
31814, 97395, 99535
31824, 97432, 99611
31834, 97454, 99692
31844, 97481, 99748
31854, 97507, 99787
31864, 97524, 99832
31874, 97540, 99866
31884, 97556, 99879
31894, 97565, 99912
31904, 97571, 99946
31914, 97582, 99971
31924, 97600, 100011
31934, 97614, 100045
31944, 97651, 100073
31954, 97641, 100116
31964, 97659, 100166
31974, 97692, 100193
31984, 97712, 100243
31994, 97708, 100278
32004, 97750, 100323
32014, 97755, 100349
32024, 97766, 100396
32034, 97782, 100429
32044, 97808, 100473
32054, 97826, 100533
32064, 97843, 100565
32075, 97868, 100608
32085, 97882, 100671
32095, 97915, 100699
32105, 97945, 100758
32115, 97955, 100824
32125, 97977, 100846
32135, 97988, 100899
32145, 97997, 100953
32155, 98033, 100991
32179, 98080, 101062
32185, 98092, 101122
32195, 98116, 101185
32205, 98161, 101269
32215, 98188, 101339
32225, 98220, 101405
32235, 98243, 101462
32245, 98259, 101517
32255, 98279, 101578
32265, 98293, 101612
32275, 98320, 101681
32285, 98351, 101722
32295, 98384, 101783
32305, 98407, 101839
32315, 98413, 101913
32325, 98447, 101983
32335, 98476, 102030
32345, 98510, 102082
32355, 98537, 102144
32365, 98547, 102210
32375, 98563, 102259
32385, 98585, 102309
32395, 98597, 102374
32405, 98638, 102420
32415, 98647, 102478
32425, 98670, 102537
32435, 98709, 102600
32445, 98726, 102670
32455, 98767, 102710
32465, 98778, 102773
32475, 98787, 102791
32485, 98775, 102776
32495, 98711, 102616
32505, 98655, 102474
32515, 98574, 102271
32525, 98481, 102013
32535, 98346, 101726
32545, 98206, 101399
32555, 98105, 101099
32565, 97945, 100805
32575, 97832, 100515
32585, 97722, 100269
32595, 97615, 100063
32605, 97531, 99871
32615, 97479, 99703
32625, 97416, 99582
32635, 97386, 99465
32645, 97331, 99364
32655, 97309, 99294
32665, 97275, 99243
32675, 97269, 99204
32685, 97240, 99176
32695, 97237, 99146
32705, 97219, 99136
32715, 97227, 99157
32725, 97259, 99204
32735, 97284, 99214
32745, 97295, 99304
32755, 97323, 99391
32765, 97394, 99495
32775, 97443, 99585
32785, 97470, 99691
32795, 97509, 99768
32805, 97532, 99842
32815, 97566, 99898
32825, 97595, 99940
32836, 97596, 100000
32846, 97596, 100003
32856, 97629, 100068
32866, 97650, 100106
32876, 97688, 100163
32886, 97712, 100223
32896, 97732, 100254
32906, 97756, 100320
32916, 97786, 100362
32926, 97819, 100424
32936, 97852, 100474
32946, 97847, 100529
32956, 97868, 100586
32966, 97894, 100639
32976, 97899, 100712
32986, 97961, 100763
32996, 97982, 100810
33006, 98015, 100888
33016, 98043, 100949
33026, 98086, 101057
33036, 98130, 101119
33046, 98138, 101210
33056, 98183, 101294
33066, 98208, 101331
33076, 98249, 101391
33086, 98274, 101457
33096, 98301, 101530
33106, 98340, 101614
33116, 98376, 101681
33126, 98419, 101781
33136, 98478, 101862
33146, 98501, 101942
33156, 98537, 102009
33166, 98582, 102112
33176, 98622, 102214
33186, 98653, 102303
33196, 98682, 102381
33206, 98730, 102475
33216, 98766, 102565
33226, 98812, 102662
33236, 98843, 102763
33246, 98888, 102859
33256, 98911, 102917
33266, 98955, 103009
33276, 98982, 103102
33286, 99003, 103201
33296, 99038, 103275
33306, 99054, 103349
33316, 99097, 103431
33326, 99129, 103498
33336, 99159, 103573
33346, 99177, 103635
33356, 99186, 103696
33366, 99224, 103751
33376, 99244, 103829
33386, 99257, 103886
33396, 99272, 103939
33406, 99306, 104008
33416, 99313, 104035
33426, 99331, 104076
33436, 99310, 104104
33446, 99336, 104144
33456, 99322, 104109
33466, 99313, 104090
33476, 99295, 104019
33486, 99235, 103917
33496, 99186, 103781
33506, 99116, 103600
33516, 99040, 103362
33526, 98918, 103100
33536, 98785, 102795
33546, 98655, 102441
33556, 98496, 102107
33566, 98369, 101758
33576, 98240, 101412
33586, 98111, 101120
33596, 98012, 100855
33607, 97909, 100648
33617, 97831, 100428
33627, 97753, 100258
33637, 97690, 100099
33647, 97641, 99972
33657, 97577, 99868
33667, 97555, 99769
33677, 97489, 99681
33687, 97448, 99567
33697, 97430, 99500
33707, 97423, 99461
33717, 97415, 99452
33727, 97409, 99470
33737, 97413, 99479
33747, 97422, 99515
33757, 97440, 99591
33767, 97481, 99664
33777, 97519, 99723
33787, 97566, 99814
33797, 97588, 99870
33807, 97613, 99959
33817, 97649, 100025
33827, 97674, 100104
33837, 97701, 100167
33847, 97720, 100212
33857, 97744, 100266
33867, 97749, 100306
33877, 97774, 100344
33887, 97800, 100386
33897, 97831, 100441
33907, 97839, 100501
33917, 97888, 100556
33927, 97923, 100641
33937, 97973, 100712
33947, 98000, 100792
33957, 98044, 100883
33967, 98090, 100959
33977, 98139, 101048
33987, 98185, 101164
33997, 98212, 101254
34007, 98261, 101332
34017, 98310, 101435
34027, 98349, 101536
34037, 98409, 101638
34047, 98428, 101731
34057, 98480, 101826
34067, 98535, 101942
34077, 98560, 102040
34087, 98619, 102128
34097, 98668, 102221
34107, 98702, 102310
34117, 98743, 102400
34127, 98785, 102475
34137, 98824, 102574
34147, 98861, 102645
34157, 98893, 102727
34167, 98926, 102814
34192, 98971, 102907
34197, 99019, 102976
34207, 99038, 103079
34217, 99069, 103142
34227, 99109, 103235
34237, 99128, 103298
34247, 99170, 103370
34257, 99192, 103455
34267, 99241, 103528
34277, 99265, 103600
34287, 99293, 103686
34297, 99321, 103752
34307, 99347, 103804
34317, 99356, 103866
34327, 99393, 103929
34337, 99377, 103974
34347, 99401, 104027
34357, 99410, 104075
34367, 99422, 104124
34377, 99439, 104164
34387, 99444, 104207
34397, 99467, 104267
34408, 99505, 104317
34418, 99514, 104363
34428, 99536, 104384
34438, 99549, 104431
34448, 99552, 104427
34458, 99538, 104412
34468, 99520, 104352
34478, 99490, 104263
34488, 99440, 104128
34498, 99390, 104007
34508, 99233, 103609
34518, 99097, 103351
34528, 98987, 103081
34538, 98862, 102740
34548, 98727, 102416
34558, 98591, 102079
34568, 98457, 101762
34578, 98331, 101466
34588, 98221, 101187
34598, 98130, 100946
34608, 98041, 100741
34618, 97960, 100557
34628, 97885, 100414
34638, 97837, 100285
34648, 97801, 100181
34658, 97755, 100085
34668, 97715, 99996
34678, 97669, 99925
34688, 97635, 99865
34698, 97616, 99828
34708, 97616, 99832
34718, 97621, 99829
34728, 97624, 99867
34738, 97647, 99926
34748, 97679, 99981
34758, 97701, 100016
34768, 97731, 100088
34778, 97750, 100164
34788, 97792, 100209
34798, 97816, 100275
34808, 97836, 100316
34818, 97869, 100398
34828, 97895, 100443
34838, 97925, 100486
34848, 97943, 100538
34858, 97961, 100591
34868, 97995, 100663
34878, 97989, 100703
34888, 98026, 100761
34898, 98037, 100793
34908, 98058, 100838
34918, 98080, 100890
34928, 98106, 100941
34938, 98141, 101006
34948, 98193, 101089
34958, 98221, 101161
34968, 98268, 101249
34978, 98295, 101330
34988, 98320, 101430
34998, 98348, 101510
35008, 98388, 101590
35018, 98435, 101667
35028, 98459, 101751
35038, 98489, 101825
35048, 98518, 101911
35058, 98571, 101975
35068, 98602, 102059
35078, 98634, 102119
35088, 98662, 102185
35098, 98672, 102275
35108, 98702, 102322
35118, 98744, 102395
35128, 98743, 102467
35138, 98782, 102529
35148, 98797, 102590
35158, 98826, 102659
35168, 98859, 102721
35179, 98852, 102785
35189, 98896, 102813
35199, 98928, 102880
35209, 98938, 102932
35219, 98962, 103006
35229, 98988, 103071
35239, 99034, 103138
35249, 99043, 103198
35259, 99087, 103280
35269, 99112, 103375
35279, 99135, 103422
35289, 99138, 103466
35299, 99170, 103548
35309, 99204, 103611
35319, 99234, 103678
35329, 99252, 103737
35339, 99268, 103811
35349, 99291, 103843
35359, 99324, 103902
35369, 99341, 103957
35379, 99337, 103993
35389, 99376, 104039
35399, 99393, 104082
35409, 99398, 104120
35419, 99388, 104105
35429, 99369, 104052
35439, 99339, 103988
35449, 99295, 103874
35459, 99220, 103733
35469, 99156, 103539
35479, 99061, 103325
35489, 98940, 103048
35499, 98819, 102766
35509, 98687, 102439
35519, 98548, 102097
35529, 98408, 101778
35539, 98260, 101462
35549, 98146, 101196
35559, 98040, 100936
35569, 97947, 100681
35579, 97850, 100477
35589, 97762, 100309
35599, 97708, 100165
35609, 97664, 100038
35619, 97608, 99928
35629, 97552, 99804
35639, 97522, 99737
35649, 97469, 99670
35659, 97449, 99580
35669, 97455, 99576
35679, 97447, 99598
35689, 97454, 99616
35699, 97492, 99669
35709, 97527, 99729
35719, 97552, 99808
35729, 97592, 99875
35739, 97618, 99942
35749, 97634, 100016
35759, 97649, 100035
35769, 97684, 100077
35779, 97687, 100106
35789, 97689, 100138
35799, 97702, 100152
35809, 97698, 100188
35819, 97714, 100189
35829, 97714, 100205
35839, 97719, 100202
35849, 97728, 100231
35859, 97733, 100234
35869, 97747, 100247
35879, 97768, 100285
35889, 97769, 100332
35899, 97808, 100369
35909, 97827, 100423
35919, 97837, 100475
35929, 97867, 100527
35939, 97900, 100577
35949, 97941, 100624
35959, 97950, 100699
35970, 97982, 100789
35980, 98021, 100862
35990, 98050, 100911
36000, 98076, 100986
36010, 98098, 101041
36020, 98118, 101092
36030, 98141, 101165
36040, 98173, 101200
36050, 98201, 101274
36060, 98239, 101350
36070, 98254, 101418
36080, 98308, 101502
36090, 98327, 101574
36100, 98373, 101649
36110, 98396, 101726
36120, 98430, 101793
36130, 98468, 101890
36140, 98479, 101958
36150, 98520, 102022
36160, 98536, 102088
36170, 98557, 102144
36180, 98591, 102210
36207, 98619, 102265
36211, 98630, 102309
36220, 98651, 102365
36230, 98672, 102414
36240, 98687, 102478
36250, 98707, 102512
36260, 98720, 102577
36270, 98729, 102608
36280, 98744, 102649
36290, 98770, 102704
36300, 98775, 102757
36310, 98799, 102800
36320, 98799, 102839
36330, 98825, 102880
36340, 98823, 102910
36350, 98842, 102932
36360, 98847, 102910
36370, 98800, 102855
36380, 98778, 102750
36390, 98706, 102637
36400, 98647, 102463
36410, 98558, 102251
36420, 98452, 102024
36430, 98355, 101749
36440, 98243, 101487
36450, 98121, 101253
36460, 98012, 100995
36470, 97921, 100776
36480, 97829, 100549
36490, 97737, 100350
36500, 97674, 100190
36510, 97616, 100040
36520, 97569, 99803
36530, 97459, 99689
36540, 97416, 99606
36550, 97407, 99542
36560, 97366, 99456
36570, 97339, 99409
36580, 97328, 99364
36590, 97317, 99345
36600, 97323, 99349
36610, 97318, 99368
36620, 97349, 99419
36630, 97381, 99487
36640, 97407, 99556
36650, 97447, 99635
36660, 97478, 99684
36670, 97516, 99771
36680, 97543, 99840
36690, 97560, 99890
36700, 97603, 99928
36710, 97616, 99989
36720, 97637, 100037
36730, 97643, 100074
36740, 97689, 100114
36750, 97685, 100165
36761, 97711, 100190
36771, 97721, 100238
36781, 97737, 100288
36791, 97762, 100327
36801, 97795, 100377
36811, 97828, 100438
36821, 97857, 100499
36831, 97895, 100581
36841, 97938, 100650
36851, 97961, 100728
36861, 97995, 100817
36871, 98028, 100894
36881, 98071, 100990
36891, 98105, 101064
36901, 98143, 101147
36911, 98177, 101233
36921, 98222, 101301
36931, 98252, 101372
36941, 98285, 101466
36951, 98330, 101538
36961, 98352, 101621
36971, 98379, 101696
36981, 98400, 101759
36991, 98426, 101832
37001, 98459, 101897
37011, 98471, 101953
37021, 98507, 102016
37031, 98528, 102060
37041, 98544, 102117
37051, 98550, 102173
37061, 98590, 102245
37071, 98613, 102289
37081, 98619, 102349
37091, 98659, 102398
37101, 98673, 102441
37111, 98700, 102504
37121, 98703, 102543
37131, 98726, 102598
37141, 98740, 102641
37151, 98774, 102690
37161, 98779, 102742
37171, 98799, 102798
37181, 98826, 102817
37191, 98817, 102862
37201, 98835, 102904
37211, 98862, 102945
37221, 98847, 102974
37231, 98849, 103019
37241, 98867, 103033
37251, 98848, 103055
37261, 98864, 103086
37271, 98853, 103095
37281, 98862, 103081
37291, 98837, 103058
37301, 98812, 102985
37311, 98740, 102889
37321, 98686, 102748
37331, 98607, 102572
37341, 98524, 102353
37351, 98421, 102101
37361, 98300, 101833
37371, 98191, 101535
37381, 98066, 101261
37391, 97957, 100981
37401, 97847, 100731
37411, 97741, 100476
37421, 97654, 100255
37431, 97567, 100071
37441, 97493, 99917
37451, 97415, 99754
37461, 97360, 99610
37471, 97318, 99491
37481, 97287, 99417
37491, 97255, 99335
37501, 97229, 99267
37511, 97207, 99217
37521, 97202, 99172
37531, 97187, 99148
37541, 97177, 99136
37552, 97188, 99144
37562, 97189, 99176
37572, 97231, 99201
37582, 97248, 99256
37592, 97259, 99320
37602, 97300, 99374
37612, 97322, 99430
37622, 97339, 99501
37632, 97389, 99555
37642, 97404, 99616
37652, 97427, 99668
37662, 97457, 99717
37672, 97471, 99771
37682, 97491, 99815
37692, 97520, 99858
37702, 97543, 99905
37712, 97550, 99932
37722, 97584, 99983
37732, 97600, 100024
37742, 97623, 100093
37752, 97655, 100167
37762, 97695, 100227
37772, 97724, 100295
37782, 97752, 100365
37792, 97765, 100422
37802, 97806, 100471
37812, 97835, 100538
37822, 97870, 100602
37832, 97896, 100662
37842, 97903, 100728
37852, 97949, 100785
37862, 97958, 100858
37872, 98000, 100909
37882, 98025, 100980
37892, 98040, 101037
37902, 98067, 101082
37912, 98094, 101138
37922, 98090, 101182
37932, 98131, 101235
37942, 98155, 101288
37952, 98178, 101335
37962, 98217, 101392
37972, 98226, 101472
37982, 98252, 101556
37992, 98306, 101600
38002, 98338, 101667
38012, 98351, 101778
38022, 98391, 101806
38032, 98408, 101891
38042, 98415, 101948
38052, 98449, 101999
38062, 98486, 102076
38072, 98505, 102119
38082, 98533, 102204
38092, 98547, 102255
38102, 98582, 102324
38112, 98606, 102387
38122, 98623, 102420
38132, 98651, 102484
38142, 98653, 102536
38152, 98669, 102576
